fecha,asalariados_privados_miles,asalariados_privados_miles_desest,indice_base_ene2009,indice_base_ene2009_desest,var_interanual_pct,dato_provisorio
2016-01-01,6237.176,6208.425,110.20,110.39,0.65,no
2016-02-01,6247.531,6206.326,110.38,110.35,0.51,no
2016-03-01,6241.277,6198.929,110.27,110.22,0.20,no
2016-04-01,6188.543,6188.670,109.34,110.04,-0.57,no
2016-05-01,6152.616,6179.559,108.70,109.88,-0.73,no
2016-06-01,6136.474,6171.683,108.42,109.73,-1.28,no
2016-07-01,6135.345,6169.266,108.40,109.69,-1.42,no
2016-08-01,6146.284,6169.744,108.59,109.70,-1.41,no
2016-09-01,6151.241,6172.943,108.68,109.76,-1.38,no
2016-10-01,6175.397,6180.799,109.11,109.90,-1.40,no
2016-11-01,6200.060,6184.758,109.54,109.97,-1.06,no
2016-12-01,6206.518,6186.228,109.66,109.99,-0.64,no
2017-01-01,6224.427,6192.749,109.97,110.11,-0.20,no
2017-02-01,6226.590,6189.394,110.01,110.05,-0.34,no
2017-03-01,6248.450,6201.636,110.40,110.27,0.11,no
2017-04-01,6190.308,6198.529,109.37,110.21,0.03,no
2017-05-01,6188.840,6212.883,109.34,110.47,0.59,no
2017-06-01,6193.170,6227.438,109.42,110.73,0.92,no
2017-07-01,6202.014,6235.649,109.58,110.87,1.09,no
2017-08-01,6212.041,6235.019,109.75,110.86,1.07,no
2017-09-01,6221.484,6245.881,109.92,111.05,1.14,no
2017-10-01,6255.264,6257.221,110.52,111.26,1.29,no
2017-11-01,6282.184,6269.622,110.99,111.48,1.32,no
2017-12-01,6296.864,6280.762,111.25,111.67,1.46,no
2018-01-01,6309.334,6275.113,111.47,111.57,1.36,no
2018-02-01,6308.065,6270.427,111.45,111.49,1.31,no
2018-03-01,6322.588,6278.963,111.71,111.64,1.19,no
2018-04-01,6279.701,6281.780,110.95,111.69,1.44,no
2018-05-01,6251.076,6275.383,110.44,111.58,1.01,no
2018-06-01,6216.704,6254.378,109.84,111.21,0.38,no
2018-07-01,6215.106,6244.024,109.81,111.02,0.21,no
2018-08-01,6212.924,6234.897,109.77,110.86,0.01,no
2018-09-01,6181.243,6210.124,109.21,110.42,-0.65,no
2018-10-01,6194.592,6195.564,109.45,110.16,-0.97,no
2018-11-01,6182.767,6169.473,109.24,109.70,-1.58,no
2018-12-01,6167.380,6152.275,108.97,109.39,-2.06,no
2019-01-01,6179.231,6146.097,109.17,109.28,-2.06,no
2019-02-01,6187.630,6149.887,109.32,109.35,-1.91,no
2019-03-01,6177.311,6133.462,109.14,109.06,-2.30,no
2019-04-01,6126.454,6126.614,108.24,108.93,-2.44,no
2019-05-01,6097.027,6120.147,107.72,108.82,-2.46,no
2019-06-01,6070.263,6112.573,107.25,108.68,-2.36,no
2019-07-01,6079.692,6105.669,107.42,108.56,-2.18,no
2019-08-01,6071.154,6095.110,107.26,108.37,-2.28,no
2019-09-01,6041.850,6066.144,106.75,107.86,-2.26,no
2019-10-01,6039.439,6042.925,106.70,107.45,-2.50,no
2019-11-01,6033.144,6023.738,106.59,107.10,-2.42,no
2019-12-01,6020.703,6001.722,106.37,106.71,-2.38,no
2020-01-01,6021.939,5988.283,106.40,106.47,-2.55,no
2020-02-01,6028.392,5990.319,106.51,106.51,-2.57,no
2020-03-01,5994.420,5947.241,105.91,105.74,-2.96,no
2020-04-01,5836.865,5839.996,103.13,103.84,-4.73,no
2020-05-01,5787.439,5814.934,102.25,103.39,-5.08,no
2020-06-01,5776.556,5808.857,102.06,103.28,-4.84,no
2020-07-01,5768.547,5794.039,101.92,103.02,-5.12,no
2020-08-01,5770.021,5796.400,101.94,103.06,-4.96,no
2020-09-01,5780.890,5800.898,102.14,103.14,-4.32,no
2020-10-01,5795.055,5802.185,102.39,103.17,-4.05,no
2020-11-01,5816.818,5808.462,102.77,103.28,-3.59,no
2020-12-01,5826.014,5806.318,102.93,103.24,-3.23,no
2021-01-01,5850.593,5824.875,103.37,103.57,-2.85,no
2021-02-01,5872.011,5837.084,103.75,103.79,-2.59,no
2021-03-01,5907.382,5861.140,104.37,104.21,-1.45,no
2021-04-01,5895.112,5895.368,104.15,104.82,1.00,no
2021-05-01,5869.969,5896.908,103.71,104.85,1.43,no
2021-06-01,5869.182,5901.457,103.70,104.93,1.60,no
2021-07-01,5876.034,5902.621,103.82,104.95,1.86,no
2021-08-01,5895.277,5916.293,104.16,105.19,2.17,no
2021-09-01,5916.087,5936.462,104.53,105.55,2.34,no
2021-10-01,5940.330,5950.935,104.95,105.81,2.51,no
2021-11-01,5988.541,5974.690,105.81,106.23,2.95,no
2021-12-01,6027.687,6007.204,106.50,106.81,3.46,no
2022-01-01,6069.317,6041.976,107.23,107.43,3.74,no
2022-02-01,6095.135,6060.130,107.69,107.75,3.80,no
2022-03-01,6129.715,6085.435,108.30,108.20,3.76,no
2022-04-01,6110.171,6115.841,107.95,108.74,3.65,no
2022-05-01,6117.962,6141.209,108.09,109.19,4.22,no
2022-06-01,6134.032,6168.561,108.38,109.68,4.51,no
2022-07-01,6169.348,6199.521,109.00,110.23,4.99,no
2022-08-01,6186.755,6205.942,109.31,110.34,4.94,no
2022-09-01,6210.839,6229.588,109.73,110.76,4.98,no
2022-10-01,6236.623,6248.145,110.19,111.09,4.99,no
2022-11-01,6278.154,6264.690,110.92,111.39,4.84,no
2022-12-01,6296.204,6276.192,111.24,111.59,4.45,no
2023-01-01,6333.404,6298.799,111.90,112.00,4.35,no
2023-02-01,6348.193,6312.769,112.16,112.24,4.15,no
2023-03-01,6377.525,6335.646,112.68,112.65,4.04,no
2023-04-01,6339.738,6351.555,112.01,112.93,3.76,no
2023-05-01,6347.788,6368.923,112.15,113.24,3.76,no
2023-06-01,6353.117,6386.269,112.25,113.55,3.57,no
2023-07-01,6374.490,6405.046,112.62,113.88,3.33,no
2023-08-01,6387.707,6407.826,112.86,113.93,3.25,no
2023-09-01,6371.650,6393.060,112.57,113.67,2.59,no
2023-10-01,6374.399,6380.548,112.62,113.45,2.21,no
2023-11-01,6385.764,6372.692,112.82,113.31,1.71,no
2023-12-01,6379.120,6361.349,112.71,113.11,1.32,no
2024-01-01,6363.884,6326.789,112.44,112.49,0.48,no
2024-02-01,6337.933,6300.309,111.98,112.02,-0.16,no
2024-03-01,6306.558,6275.657,111.42,111.58,-1.11,no
2024-04-01,6257.457,6259.030,110.56,111.29,-1.30,no
2024-05-01,6227.984,6249.547,110.04,111.12,-1.89,no
2024-06-01,6199.484,6239.542,109.53,110.94,-2.42,no
2024-07-01,6210.704,6233.307,109.73,110.83,-2.57,no
2024-08-01,6215.334,6236.829,109.81,110.89,-2.70,no
2024-09-01,6224.246,6246.040,109.97,111.06,-2.31,no
2024-10-01,6249.844,6253.531,110.42,111.19,-1.95,no
2024-11-01,6267.843,6255.151,110.74,111.22,-1.85,no
2024-12-01,6285.719,6263.790,111.06,111.37,-1.46,no
2025-01-01,6290.114,6254.887,111.13,111.21,-1.16,no
2025-02-01,6298.957,6265.081,111.29,111.40,-0.61,no
2025-03-01,6285.043,6253.922,111.04,111.20,-0.34,no
2025-04-01,6258.727,6265.115,110.58,111.40,0.02,no
2025-05-01,6244.075,6267.704,110.32,111.44,0.26,no
2025-06-01,6216.843,6252.581,109.84,111.17,0.28,no
2025-07-01,6216.831,6240.464,109.84,110.96,0.10,no
2025-08-01,6204.933,6228.961,109.63,110.75,-0.17,no
2025-09-01,6199.436,6216.154,109.53,110.53,-0.40,si
2025-10-01,6197.781,6200.688,109.50,110.25,-0.83,si
2025-11-01,6193.022,6184.759,109.42,109.97,-1.19,si
2025-12-01,6196.922,6172.347,109.49,109.75,-1.41,si
2026-01-01,6197.108,6165.210,109.49,109.62,-1.48,si
2026-02-01,6196.504,6162.911,109.48,109.58,-1.63,si
2026-03-01,6187.535,6153.932,109.32,109.42,-1.55,si
2026-04-01,6134.249,6141.363,108.38,109.20,-1.99,si
2026-05-01,6106.657,6132.641,107.89,109.04,-2.20,si
2026-06-01,6095.843,6126.380,107.70,108.93,-1.95,si
