fecha,asalariados_privados_miles,asalariados_privados_miles_desest,indice_base_ene2009,indice_base_ene2009_desest,dato_provisorio
2009-01-01,5659.961,5624.171,100.000000,100.000000,no
2009-02-01,5647.381,5608.771,99.777737,99.726182,no
2009-03-01,5634.862,5591.979,99.556552,99.427613,no
2009-04-01,5576.559,5573.933,98.526456,99.106748,no
2009-05-01,5540.805,5567.981,97.894756,99.000919,no
2009-06-01,5551.314,5576.143,98.080428,99.146043,no
2009-07-01,5546.902,5582.970,98.002477,99.267430,no
2009-08-01,5534.881,5572.750,97.790091,99.085714,no
2009-09-01,5553.433,5585.048,98.117867,99.304377,no
2009-10-01,5594.269,5599.210,98.839356,99.556183,no
2009-11-01,5616.908,5602.664,99.239341,99.617597,no
2009-12-01,5637.505,5609.111,99.603248,99.732227,no
2010-01-01,5646.454,5613.455,99.761359,99.809465,no
2010-02-01,5679.010,5640.637,100.336557,100.292772,no
2010-03-01,5703.872,5659.749,100.775818,100.632591,no
2010-04-01,5683.971,5678.481,100.424208,100.965653,no
2010-05-01,5662.037,5689.959,100.036679,101.169737,no
2010-06-01,5681.860,5708.897,100.386911,101.506462,no
2010-07-01,5688.098,5726.438,100.497124,101.818348,no
2010-08-01,5712.332,5745.550,100.925289,102.158167,no
2010-09-01,5736.170,5768.867,101.346458,102.572752,no
2010-10-01,5775.449,5783.179,102.040438,102.827226,no
2010-11-01,5824.184,5805.303,102.901486,103.220599,no
2010-12-01,5868.632,5839.940,103.686792,103.836459,no
2011-01-01,5897.670,5864.713,104.199835,104.276933,no
2011-02-01,5933.551,5895.179,104.833779,104.818630,no
2011-03-01,5952.728,5909.180,105.172597,105.067574,no
2011-04-01,5945.887,5945.167,105.051731,105.707437,no
2011-05-01,5943.876,5967.698,105.016201,106.108047,no
2011-06-01,5956.083,5985.556,105.231874,106.425569,no
2011-07-01,5963.063,6003.951,105.355196,106.752640,no
2011-08-01,5992.400,6022.595,105.873521,107.084137,no
2011-09-01,6008.652,6038.309,106.160661,107.363539,no
2011-10-01,6047.490,6055.264,106.846849,107.665005,no
2011-11-01,6090.570,6073.190,107.607985,107.983737,no
2011-12-01,6099.421,6073.290,107.764364,107.985515,no
2012-01-01,6105.953,6068.209,107.879772,107.895172,no
2012-02-01,6103.382,6061.965,107.834347,107.784152,no
2012-03-01,6112.372,6072.365,107.993182,107.969068,no
2012-04-01,6055.047,6055.316,106.980366,107.665930,no
2012-05-01,6042.617,6065.676,106.760753,107.850135,no
2012-06-01,6033.331,6065.259,106.596689,107.842720,no
2012-07-01,6026.877,6063.101,106.482660,107.804350,no
2012-08-01,6029.591,6059.919,106.530610,107.747773,no
2012-09-01,6022.800,6058.604,106.410627,107.724392,no
2012-10-01,6063.455,6063.356,107.128918,107.808884,no
2012-11-01,6087.135,6069.015,107.547296,107.909503,no
2012-12-01,6112.677,6090.802,107.998571,108.296885,no
2013-01-01,6129.521,6090.399,108.296170,108.289719,no
2013-02-01,6136.717,6098.033,108.423309,108.425455,no
2013-03-01,6139.607,6105.483,108.474369,108.557919,no
2013-04-01,6121.609,6115.479,108.156381,108.735652,no
2013-05-01,6085.388,6109.269,107.516430,108.625236,no
2013-06-01,6065.404,6103.301,107.163353,108.519122,no
2013-07-01,6077.981,6110.298,107.385563,108.643532,no
2013-08-01,6092.965,6124.671,107.650300,108.899089,no
2013-09-01,6085.840,6115.526,107.524416,108.736488,no
2013-10-01,6116.573,6116.750,108.067405,108.758251,no
2013-11-01,6141.608,6126.717,108.509723,108.935468,no
2013-12-01,6147.924,6122.737,108.621314,108.864702,no
2014-01-01,6153.747,6115.614,108.724194,108.738052,no
2014-02-01,6147.955,6109.524,108.621862,108.629770,no
2014-03-01,6127.053,6090.465,108.252566,108.290893,no
2014-04-01,6096.440,6095.156,107.711696,108.374301,no
2014-05-01,6076.792,6104.181,107.364556,108.534769,no
2014-06-01,6075.213,6110.338,107.336658,108.644243,no
2014-07-01,6080.495,6112.154,107.429981,108.676532,no
2014-08-01,6076.870,6110.343,107.365934,108.644332,no
2014-09-01,6097.036,6120.054,107.722226,108.816997,no
2014-10-01,6128.903,6128.220,108.285251,108.962192,no
2014-11-01,6145.246,6135.285,108.573999,109.087810,no
2014-12-01,6169.026,6142.418,108.994143,109.214638,no
2015-01-01,6197.180,6163.566,109.491567,109.590658,no
2015-02-01,6215.585,6177.947,109.816746,109.846358,no
2015-03-01,6228.762,6187.700,110.049557,110.019770,no
2015-04-01,6224.325,6224.493,109.971164,110.673964,no
2015-05-01,6197.655,6228.614,109.499959,110.747237,no
2015-06-01,6216.048,6247.468,109.824926,111.082469,no
2015-07-01,6223.407,6253.233,109.954945,111.184973,no
2015-08-01,6234.440,6266.956,110.149876,111.428973,no
2015-09-01,6237.559,6260.554,110.204982,111.315143,no
2015-10-01,6262.833,6264.226,110.651522,111.380433,no
2015-11-01,6266.760,6253.657,110.720904,111.192512,no
2015-12-01,6246.526,6222.519,110.363411,110.638866,no
2016-01-01,6237.176,6208.425,110.198215,110.388269,no
2016-02-01,6247.531,6206.326,110.381167,110.350948,no
2016-03-01,6241.277,6198.929,110.270671,110.219426,no
2016-04-01,6188.543,6188.670,109.338969,110.037017,no
2016-05-01,6152.616,6179.559,108.704212,109.875020,no
2016-06-01,6136.474,6171.683,108.419016,109.734981,no
2016-07-01,6135.345,6169.266,108.399068,109.692006,no
2016-08-01,6146.284,6169.744,108.592338,109.700505,no
2016-09-01,6151.241,6172.943,108.679918,109.757385,no
2016-10-01,6175.397,6180.799,109.106706,109.897067,no
2016-11-01,6200.060,6184.758,109.542451,109.967460,no
2016-12-01,6206.518,6186.228,109.656551,109.993597,no
2017-01-01,6224.427,6192.749,109.972966,110.109543,no
2017-02-01,6226.590,6189.394,110.011182,110.049890,no
2017-03-01,6248.450,6201.636,110.397404,110.267558,no
2017-04-01,6190.308,6198.529,109.370153,110.212314,no
2017-05-01,6188.840,6212.883,109.344216,110.467534,no
2017-06-01,6193.170,6227.438,109.420719,110.726327,no
2017-07-01,6202.014,6235.649,109.576974,110.872322,no
2017-08-01,6212.041,6235.019,109.754131,110.861121,no
2017-09-01,6221.484,6245.881,109.920969,111.054251,no
2017-10-01,6255.264,6257.221,110.517793,111.255881,no
2017-11-01,6282.184,6269.622,110.993415,111.476376,no
2017-12-01,6296.864,6280.762,111.252781,111.674449,no
2018-01-01,6309.334,6275.113,111.473100,111.574008,no
2018-02-01,6308.065,6270.427,111.450680,111.490689,no
2018-03-01,6322.588,6278.963,111.707271,111.642463,no
2018-04-01,6279.701,6281.780,110.949545,111.692550,no
2018-05-01,6251.076,6275.383,110.443800,111.578809,no
2018-06-01,6216.704,6254.378,109.836517,111.205331,no
2018-07-01,6215.106,6244.024,109.808283,111.021233,no
2018-08-01,6212.924,6234.897,109.769732,110.858951,no
2018-09-01,6181.243,6210.124,109.209993,110.418478,no
2018-10-01,6194.592,6195.564,109.445842,110.159595,no
2018-11-01,6182.767,6169.473,109.236919,109.695687,no
2018-12-01,6167.380,6152.275,108.965062,109.389899,no
2019-01-01,6179.231,6146.097,109.174445,109.280052,no
2019-02-01,6187.630,6149.887,109.322838,109.347440,no
2019-03-01,6177.311,6133.462,109.140522,109.055397,no
2019-04-01,6126.454,6126.614,108.241983,108.933637,no
2019-05-01,6097.027,6120.147,107.722067,108.818651,no
2019-06-01,6070.263,6112.573,107.249202,108.683982,no
2019-07-01,6079.692,6105.669,107.415793,108.561226,no
2019-08-01,6071.154,6095.110,107.264944,108.373483,no
2019-09-01,6041.850,6066.144,106.747202,107.858456,no
2019-10-01,6039.439,6042.925,106.704605,107.445613,no
2019-11-01,6033.144,6023.738,106.593385,107.104460,no
2019-12-01,6020.703,6001.722,106.373577,106.713007,no
2020-01-01,6021.939,5988.283,106.395415,106.474056,no
2020-02-01,6028.392,5990.319,106.509426,106.510257,no
2020-03-01,5994.420,5947.241,105.909210,105.744313,no
2020-04-01,5836.865,5839.996,103.125534,103.837454,no
2020-05-01,5787.439,5814.934,102.252277,103.391842,no
2020-06-01,5776.556,5808.857,102.059997,103.283791,no
2020-07-01,5768.547,5794.039,101.918494,103.020321,no
2020-08-01,5770.021,5796.400,101.944536,103.062300,no
2020-09-01,5780.890,5800.898,102.136569,103.142276,no
2020-10-01,5795.055,5802.185,102.386836,103.165160,no
2020-11-01,5816.818,5808.462,102.771344,103.276767,no
2020-12-01,5826.014,5806.318,102.933819,103.238646,no
2021-01-01,5850.593,5824.875,103.368080,103.568597,no
2021-02-01,5872.011,5837.084,103.746492,103.785678,no
2021-03-01,5907.382,5861.140,104.371426,104.213403,no
2021-04-01,5895.112,5895.368,104.154640,104.821991,no
2021-05-01,5869.969,5896.908,103.710414,104.849372,no
2021-06-01,5869.182,5901.457,103.696510,104.930255,no
2021-07-01,5876.034,5902.621,103.817570,104.950952,no
2021-08-01,5895.277,5916.293,104.157555,105.194045,no
2021-09-01,5916.087,5936.462,104.525226,105.552658,no
2021-10-01,5940.330,5950.935,104.953550,105.809994,no
2021-11-01,5988.541,5974.690,105.805340,106.232367,no
2021-12-01,6027.687,6007.204,106.496971,106.810479,no
2022-01-01,6069.317,6041.976,107.232488,107.428739,no
2022-02-01,6095.135,6060.130,107.688640,107.751525,no
2022-03-01,6129.715,6085.435,108.299598,108.201458,no
2022-04-01,6110.171,6115.841,107.954295,108.742088,no
2022-05-01,6117.962,6141.209,108.091946,109.193142,no
2022-06-01,6134.032,6168.561,108.375870,109.679471,no
2022-07-01,6169.348,6199.521,108.999832,110.229952,no
2022-08-01,6186.755,6205.942,109.307379,110.344120,no
2022-09-01,6210.839,6229.588,109.732894,110.764555,no
2022-10-01,6236.623,6248.145,110.188445,111.094506,no
2022-11-01,6278.154,6264.690,110.922213,111.388683,no
2022-12-01,6296.204,6276.192,111.241120,111.593193,no
2023-01-01,6333.404,6298.799,111.898368,111.995154,no
2023-02-01,6348.193,6312.769,112.159660,112.243547,no
2023-03-01,6377.525,6335.646,112.677897,112.650309,no
2023-04-01,6339.738,6351.555,112.010277,112.933177,no
2023-05-01,6347.788,6368.923,112.152504,113.241987,no
2023-06-01,6353.117,6386.269,112.246657,113.550406,no
2023-07-01,6374.490,6405.046,112.624274,113.884268,no
2023-08-01,6387.707,6407.826,112.857792,113.933698,no
2023-09-01,6371.650,6393.060,112.574097,113.671153,no
2023-10-01,6374.399,6380.548,112.622666,113.448684,no
2023-11-01,6385.764,6372.692,112.823463,113.309001,no
2023-12-01,6379.120,6361.349,112.706077,113.107318,no
2024-01-01,6363.884,6326.789,112.436888,112.492828,no
2024-02-01,6337.933,6300.309,111.978386,112.022003,no
2024-03-01,6306.558,6275.657,111.424054,111.583681,no
2024-04-01,6257.457,6259.030,110.556539,111.288046,no
2024-05-01,6227.984,6249.547,110.035811,111.119434,no
2024-06-01,6199.484,6239.542,109.532274,110.941541,no
2024-07-01,6210.704,6233.307,109.730509,110.830681,no
2024-08-01,6215.334,6236.829,109.812311,110.893303,no
2024-09-01,6224.246,6246.040,109.969768,111.057078,no
2024-10-01,6249.844,6253.531,110.422033,111.190271,no
2024-11-01,6267.843,6255.151,110.740039,111.219076,no
2024-12-01,6285.719,6263.790,111.055871,111.372681,no
2025-01-01,6290.114,6254.887,111.133522,111.214382,no
2025-02-01,6298.957,6265.081,111.289760,111.395635,no
2025-03-01,6285.043,6253.922,111.043928,111.197224,no
2025-04-01,6258.727,6265.115,110.578977,111.396240,no
2025-05-01,6244.075,6267.704,110.320106,111.442273,no
2025-06-01,6216.843,6252.581,109.838972,111.173380,no
2025-07-01,6216.831,6240.464,109.838760,110.957935,no
2025-08-01,6204.933,6228.961,109.628547,110.753407,no
2025-09-01,6199.436,6216.154,109.531426,110.525693,si
2025-10-01,6197.781,6200.688,109.502186,110.250702,si
2025-11-01,6193.022,6184.759,109.418104,109.967478,si
2025-12-01,6196.922,6172.347,109.487009,109.746788,si
2026-01-01,6197.108,6165.210,109.490295,109.619889,si
2026-02-01,6196.504,6162.911,109.479624,109.579012,si
2026-03-01,6187.535,6153.932,109.321160,109.419362,si
2026-04-01,6134.249,6141.363,108.379704,109.195880,si
2026-05-01,6106.657,6132.641,107.892210,109.040799,si
2026-06-01,6095.843,6126.380,107.701148,108.929476,si
