fecha,ucii_nivel_general,ucii_productos_alimenticios_bebidas,ucii_productos_tabaco,ucii_productos_textiles,ucii_papel_carton,ucii_edicion_impresion,ucii_refinacion_petroleo,ucii_sustancias_productos_quimicos,ucii_caucho_plastico,ucii_minerales_no_metalicos,ucii_industrias_metalicas_basicas,ucii_vehiculosautomotores,ucii_metalmecanica_no_industria_automotriz
2016-01-01,62.9,68.5,83.9,66.9,84.4,58.3,85.1,66.1,58.8,63.2,65.2,20.4,52.2
2016-02-01,64.2,66.8,81.3,72.2,79.0,53.6,86.8,66.8,53.6,73.1,70.7,43.1,51.1
2016-03-01,64.8,67.2,84.1,73.5,81.4,55.0,83.4,66.3,56.2,75.4,63.6,55.5,53.1
2016-04-01,64.8,63.5,81.4,74.4,83.8,58.5,82.0,67.9,60.2,75.4,65.2,54.6,53.2
2016-05-01,65.0,64.5,79.0,73.3,74.6,61.1,80.9,65.3,60.4,72.9,73.5,47.5,56.0
2016-06-01,64.9,62.7,69.1,73.9,79.0,58.9,86.1,64.6,62.0,71.5,73.3,50.7,54.8
2016-07-01,62.0,61.7,72.8,71.9,83.8,54.3,84.5,60.6,58.2,66.4,68.5,45.0,51.1
2016-08-01,63.6,68.4,73.4,74.0,91.8,51.8,80.2,59.1,56.6,73.1,66.6,51.4,51.2
2016-09-01,63.9,65.7,80.8,69.1,80.3,53.5,81.3,68.5,55.2,70.7,65.3,51.4,51.9
2016-10-01,65.4,65.7,57.0,59.0,86.0,60.2,84.5,70.3,52.8,70.7,72.8,44.1,55.7
2016-11-01,68.4,69.0,73.3,58.8,88.2,58.9,83.2,74.3,62.6,72.2,71.6,56.3,57.2
2016-12-01,63.6,66.9,75.5,48.9,76.7,58.6,84.4,65.1,62.9,69.6,62.8,45.0,54.7
2017-01-01,60.6,65.1,80.3,57.5,80.0,54.0,85.0,68.5,58.5,53.3,58.4,30.7,47.3
2017-02-01,60.0,62.4,78.3,53.9,85.0,47.6,81.6,68.8,54.1,68.7,65.7,31.5,42.1
2017-03-01,65.7,70.2,76.0,57.3,87.7,55.5,79.9,67.3,55.0,75.6,75.6,48.2,50.5
2017-04-01,64.5,64.3,62.4,54.9,79.6,56.0,82.4,68.6,57.9,71.0,73.6,46.5,54.5
2017-05-01,65.8,65.0,71.7,61.4,71.8,54.6,80.6,66.9,64.0,72.4,75.2,54.5,58.8
2017-06-01,67.1,64.3,76.1,66.2,77.0,63.1,86.4,67.5,65.8,76.7,73.7,55.0,58.6
2017-07-01,65.1,63.9,83.1,65.5,81.6,59.1,84.4,59.1,65.0,72.3,75.9,45.5,59.2
2017-08-01,67.3,65.9,77.0,69.1,88.0,54.1,85.3,62.3,60.1,77.1,79.5,55.1,61.1
2017-09-01,66.3,63.8,77.3,68.3,82.5,63.0,85.7,64.0,56.9,74.7,81.0,57.1,54.7
2017-10-01,68.3,66.3,71.6,62.5,86.8,61.6,73.4,70.9,55.5,77.2,82.9,52.9,62.3
2017-11-01,69.2,67.7,70.5,60.9,82.7,62.9,79.0,71.0,59.9,80.6,83.1,55.0,61.2
2017-12-01,64.0,61.2,61.8,55.7,72.8,57.8,86.3,68.9,61.5,76.7,73.3,38.3,55.6
2018-01-01,61.6,62.7,77.8,57.2,73.5,59.5,81.7,70.8,58.2,67.6,67.4,25.6,48.6
2018-02-01,64.4,61.4,71.5,48.3,77.2,51.2,82.8,73.0,53.3,74.2,86.2,50.4,46.2
2018-03-01,66.8,63.3,74.4,53.6,72.8,56.8,78.6,71.9,56.7,76.1,88.0,58.2,54.3
2018-04-01,67.6,65.0,69.2,52.3,73.1,58.6,78.4,72.4,61.8,74.2,88.6,55.8,55.4
2018-05-01,65.1,61.5,79.5,59.9,70.5,62.1,77.5,65.6,62.4,72.9,82.0,55.2,54.9
2018-06-01,61.8,59.1,68.0,55.4,71.7,60.1,68.7,61.8,54.8,70.6,80.5,47.7,53.6
2018-07-01,60.1,58.9,73.0,53.6,73.8,58.6,66.2,50.8,54.3,71.4,86.3,48.1,51.1
2018-08-01,63.0,61.7,76.7,53.4,76.1,53.9,78.1,54.1,57.6,72.1,85.2,57.3,53.9
2018-09-01,61.1,59.4,66.5,49.1,73.8,50.7,75.7,63.2,52.4,74.1,84.3,44.8,46.0
2018-10-01,64.8,66.6,71.4,47.4,76.5,59.5,78.8,69.1,52.1,73.7,83.9,45.9,49.2
2018-11-01,63.3,63.5,74.6,43.9,76.1,56.1,73.2,70.0,51.6,72.7,88.0,44.4,44.5
2018-12-01,56.6,58.9,56.0,32.3,66.8,48.9,77.4,66.4,47.2,61.5,69.4,25.6,42.8
2019-01-01,56.2,57.5,83.9,31.4,67.4,56.7,76.6,68.9,48.4,57.1,71.7,15.7,38.4
2019-02-01,58.5,57.6,72.9,43.2,71.7,52.1,71.7,69.4,50.8,67.5,68.7,42.1,42.0
2019-03-01,58.8,55.7,63.8,49.8,71.1,58.1,76.6,69.6,48.7,62.4,74.7,35.0,43.1
2019-04-01,61.6,60.7,58.6,49.5,68.4,59.8,72.1,70.5,51.5,67.2,82.0,37.6,46.7
2019-05-01,62.0,60.5,70.8,54.6,64.8,63.8,78.3,70.8,50.9,64.8,77.5,36.6,49.9
2019-06-01,59.1,59.8,54.6,53.5,68.7,59.1,73.8,57.2,50.1,67.1,80.2,34.0,48.2
2019-07-01,58.7,63.9,68.9,60.6,72.9,58.1,75.1,47.5,51.6,67.2,79.3,30.0,48.5
2019-08-01,60.5,63.3,64.6,58.8,73.4,57.9,79.8,51.6,50.2,71.9,81.8,43.5,47.5
2019-09-01,57.7,61.6,69.2,57.8,73.1,57.5,77.0,47.7,51.3,75.4,79.1,37.4,40.0
2019-10-01,62.1,64.4,73.1,51.4,75.1,61.3,80.8,63.7,53.4,72.2,73.1,43.2,47.3
2019-11-01,60.7,59.7,69.7,51.6,74.6,59.3,78.7,68.7,54.7,71.1,73.6,38.7,42.3
2019-12-01,56.9,63.3,50.1,41.1,68.1,49.3,78.6,68.8,44.7,57.2,66.1,21.1,40.0
2020-01-01,56.1,58.6,67.3,44.4,67.9,51.9,80.7,73.8,45.1,54.4,61.5,26.3,34.6
2020-02-01,59.4,60.2,58.2,43.9,73.7,53.6,80.1,71.4,47.0,62.4,72.9,37.5,39.8
2020-03-01,51.6,55.6,53.6,28.7,68.9,50.4,70.8,68.5,39.8,42.1,58.5,25.9,30.4
2020-04-01,42.0,59.7,0.0,4.2,59.9,57.6,46.2,69.3,31.7,22.5,25.1,0.0,20.1
2020-05-01,46.4,57.0,62.2,17.8,65.0,54.3,57.0,63.0,36.4,38.5,39.0,6.2,31.7
2020-06-01,53.3,60.1,97.1,37.8,68.1,52.5,67.3,59.8,46.6,61.8,48.4,23.0,43.1
2020-07-01,56.8,59.5,79.5,43.1,65.0,51.6,68.1,68.7,47.3,67.5,61.0,29.8,44.6
2020-08-01,58.4,60.6,61.5,42.3,65.0,50.3,69.1,71.1,48.6,70.4,62.9,35.4,46.9
2020-09-01,60.8,64.7,64.1,48.5,71.2,57.1,59.5,69.8,52.8,77.8,68.7,46.2,44.7
2020-10-01,61.8,63.7,54.5,48.0,66.1,55.7,64.3,69.3,54.2,77.6,71.3,40.3,54.0
2020-11-01,63.3,65.3,59.1,49.1,71.5,56.1,69.7,68.7,57.2,80.1,75.0,46.9,49.9
2020-12-01,58.4,56.9,46.7,42.4,62.6,52.1,72.0,63.7,49.5,69.2,73.5,41.0,49.7
2021-01-01,56.8,60.0,49.3,43.0,58.8,49.2,77.5,62.9,52.6,71.7,67.7,31.4,41.4
2021-02-01,57.9,62.8,56.7,49.8,69.1,53.5,77.3,55.5,50.6,75.3,67.1,33.4,46.3
2021-03-01,64.2,63.9,68.8,50.7,71.7,57.7,73.8,70.3,56.1,77.4,76.3,54.8,50.3
2021-04-01,63.2,64.8,65.7,52.4,73.0,55.9,73.1,75.4,52.1,74.7,66.0,39.1,53.7
2021-05-01,61.1,59.1,52.3,52.3,74.0,50.2,75.4,71.7,50.5,68.9,71.2,44.6,49.8
2021-06-01,64.5,63.2,64.2,62.1,72.5,59.8,73.6,69.6,54.3,74.2,74.8,51.9,56.0
2021-07-01,63.7,62.2,55.7,58.4,77.7,56.5,72.1,70.2,52.4,77.2,77.4,41.1,54.8
2021-08-01,64.0,65.7,60.7,54.4,72.4,57.4,75.4,63.5,56.0,79.8,76.6,47.7,55.3
2021-09-01,66.3,68.5,66.1,60.6,78.5,60.1,75.8,64.9,60.0,79.1,80.1,55.0,53.6
2021-10-01,64.3,63.7,59.9,54.8,75.4,56.4,77.4,64.2,55.2,78.6,80.2,50.8,54.7
2021-11-01,68.4,66.6,62.9,59.1,79.5,62.7,77.5,73.6,60.1,81.5,83.1,60.2,54.1
2021-12-01,64.0,65.3,53.0,47.4,70.0,56.1,79.2,70.8,51.5,70.2,77.3,49.8,51.9
2022-01-01,57.5,58.5,50.6,38.1,69.8,56.3,77.2,73.1,46.8,67.9,65.3,22.5,41.1
2022-02-01,64.0,65.4,66.4,58.1,77.9,63.6,69.1,71.9,54.7,76.1,65.6,51.6,52.3
2022-03-01,66.7,64.4,66.3,53.4,77.4,64.6,71.9,75.9,59.7,76.5,76.1,59.5,53.8
2022-04-01,67.1,66.0,58.8,55.0,76.4,58.9,81.4,73.3,59.9,79.4,68.7,56.9,61.1
2022-05-01,68.0,64.8,61.5,59.5,78.0,61.7,81.3,74.3,55.4,81.4,81.8,57.1,57.1
2022-06-01,69.5,65.4,55.9,67.6,78.4,64.1,81.2,73.3,55.6,82.7,87.2,59.8,59.8
2022-07-01,67.9,63.6,65.1,63.8,81.4,64.1,78.3,68.9,53.8,81.1,84.4,54.0,63.2
2022-08-01,69.6,67.4,64.1,64.5,77.6,65.2,80.7,69.4,57.0,83.8,83.3,65.3,61.9
2022-09-01,68.6,68.6,63.5,62.6,78.5,65.9,77.9,69.8,55.3,83.3,81.4,65.6,56.3
2022-10-01,66.7,62.5,57.5,53.0,75.2,56.2,72.4,71.3,56.9,79.8,89.6,62.3,54.8
2022-11-01,68.9,68.2,65.7,56.3,73.4,59.2,79.0,74.4,56.6,80.7,86.8,66.2,54.3
2022-12-01,63.8,63.9,52.6,43.7,67.6,51.6,85.1,70.6,47.2,69.8,81.3,44.9,54.6
2023-01-01,62.0,60.4,55.7,41.0,76.4,57.9,84.1,72.1,52.2,68.3,81.7,31.0,45.3
2023-02-01,65.0,59.3,51.7,52.4,77.2,59.6,86.0,74.2,53.7,74.4,74.5,60.5,52.2
2023-03-01,67.3,61.3,61.3,52.5,76.9,62.5,85.1,72.1,58.0,76.3,77.2,72.5,57.3
2023-04-01,68.9,62.7,63.3,53.9,74.6,60.6,86.8,77.0,56.8,72.3,82.0,66.6,61.0
2023-05-01,67.8,64.6,65.5,58.0,78.7,58.1,83.1,74.5,55.9,72.7,81.7,62.4,56.3
2023-06-01,68.6,64.2,56.8,64.4,77.4,61.2,82.4,74.7,55.4,74.4,81.0,64.9,60.1
2023-07-01,65.0,61.3,59.1,63.2,77.4,60.2,82.3,73.6,55.4,71.7,66.5,57.9,56.5
2023-08-01,67.9,64.5,59.7,59.3,79.8,60.0,72.2,70.4,57.1,77.8,78.7,74.3,61.2
2023-09-01,67.9,62.4,52.6,59.1,77.4,62.4,82.0,75.5,60.0,76.3,85.0,68.6,51.0
2023-10-01,65.3,59.6,48.2,55.8,76.4,56.4,72.1,70.7,57.8,72.9,84.5,61.0,55.4
2023-11-01,66.4,65.2,56.2,59.1,72.7,54.8,84.7,71.4,56.8,74.3,79.4,68.3,50.3
2023-12-01,54.9,57.4,44.0,39.9,67.3,44.2,85.0,58.2,46.5,60.8,64.5,42.6,37.9
2024-01-01,54.4,57.7,50.5,36.7,69.8,53.9,81.1,57.1,43.5,57.0,76.3,25.7,33.4
2024-02-01,57.4,58.1,52.2,45.6,75.4,51.3,77.0,67.8,45.9,59.6,66.5,47.3,37.3
2024-03-01,53.2,54.5,50.5,38.5,63.5,48.3,77.7,64.9,44.1,47.2,50.0,50.8,38.0
2024-04-01,56.5,57.9,52.0,37.7,69.5,49.9,80.1,63.3,42.4,42.7,63.7,52.6,44.5
2024-05-01,56.7,59.4,53.0,41.4,60.5,46.0,81.7,67.7,41.6,47.2,61.3,45.5,45.3
2024-06-01,54.3,59.4,35.4,43.9,60.4,41.3,78.4,66.3,39.4,46.8,56.6,39.0,42.0
2024-07-01,59.5,65.4,47.9,49.0,60.3,48.8,80.7,65.7,44.0,52.3,61.5,52.2,51.1
2024-08-01,61.2,64.5,54.4,50.4,65.5,51.4,79.7,64.4,48.7,61.7,66.8,59.9,50.8
2024-09-01,62.2,68.2,48.7,51.3,68.3,56.1,78.5,65.7,49.9,64.2,72.4,59.6,43.9
2024-10-01,63.0,69.5,48.9,47.8,72.9,57.8,79.1,63.5,48.9,63.1,68.9,61.2,50.7
2024-11-01,62.3,66.9,47.6,48.2,68.6,53.0,82.1,66.1,46.8,60.6,67.2,64.7,50.0
2024-12-01,56.7,65.9,37.2,43.1,57.7,48.1,83.4,64.0,42.0,50.9,52.4,44.2,45.7
2025-01-01,55.0,61.0,40.8,33.9,67.3,52.1,84.6,66.0,39.6,43.3,59.3,34.8,38.1
2025-02-01,58.6,62.4,49.9,46.4,68.8,52.8,73.9,63.4,46.3,55.0,67.3,54.6,44.0
2025-03-01,54.4,57.6,41.2,41.0,68.2,48.9,75.8,53.8,42.0,51.7,64.3,48.9,42.8
2025-04-01,58.6,61.5,45.7,42.6,67.0,53.8,83.9,59.0,45.2,56.2,63.9,56.8,49.3
2025-05-01,58.8,61.7,41.5,47.4,67.5,53.8,73.3,64.0,44.5,56.2,67.4,56.8,46.0
2025-06-01,58.9,62.7,40.2,50.4,64.2,52.8,83.2,65.5,41.7,55.1,64.3,52.0,45.9
2025-07-01,58.4,65.2,46.5,46.2,59.7,53.0,81.7,59.9,44.1,57.1,63.9,44.1,49.0
2025-08-01,59.6,66.6,46.9,46.0,61.0,51.8,86.1,60.1,43.3,58.5,70.4,53.3,44.6
2025-09-01,61.4,69.2,48.7,39.6,65.0,56.2,88.9,63.7,44.1,58.6,70.4,57.1,44.2
2025-10-01,60.9,68.7,42.9,32.5,61.7,53.2,82.2,63.6,42.6,60.5,71.1,56.1,48.2
2025-11-01,57.7,64.2,44.9,29.2,71.3,50.6,86.5,57.8,41.0,58.2,73.3,46.3,39.9
2025-12-01,53.8,63.6,38.6,35.2,65.5,46.5,87.1,58.6,33.4,51.1,57.5,31.2,38.9
2026-01-01,53.9,60.2,50.9,23.7,67.7,54.0,86.8,64.8,36.1,45.5,67.6,24.0,31.4
2026-02-01,54.6,58.6,49.5,39.9,65.9,54.4,88.9,64.4,38.7,49.0,59.7,38.9,33.9
2026-03-01,59.8,61.6,52.7,40.2,70.0,56.0,86.0,69.5,41.3,56.6,73.3,49.6,40.0
2026-04-01,59.9,60.4,49.2,42.4,67.4,58.5,86.8,69.9,42.4,54.8,73.4,46.5,42.7
2026-05-01,58.3,60.0,43.2,42.2,67.7,54.0,88.7,65.6,39.6,55.5,75.4,45.5,38.7
2026-06-01,59.1,64.4,46.3,46.6,66.2,53.5,86.7,67.0,41.0,51.8,68.7,45.5,41.5
2026-07-01,58.2,66.0,45.2,45.3,69.6,54.6,89.9,61.4,40.2,48.6,71.8,39.0,38.3
